Company_name,Job_title,Job_location,Date,Test_link
Replicon,Sales Development Trainee (SDR),Bangalore,2019-12-06 12:00:00 - 2020-03-31 23:00:00,events-and-hackathon/Replicon
epam,Junior Software Engineer,Hyderabad or Pune or Bengaluru or any of the EPAM India offices.,2020-10-15 10:00:00 - 2020-10-16 23:00:00,events-and-hackathon/epam
Qvantel,Software Engineer,,2020-10-19 10:00:00 - 2020-10-21 23:00:00,events-and-hackathon/Qvantel
calsoft,QA Engineer,Pune,2020-10-03 15:00:00 - 2020-10-11 23:00:00,events-and-hackathon/calsoft
calsoft,Development Engineer,Pune,2020-10-03 11:00:00 - 2020-10-11 23:00:00,events-and-hackathon/calsoft
Monocept,Software Engineer,,2020-10-19 14:05:00 - 2020-10-23 14:05:00,events-and-hackathon/Monocept
GSPANN Technologies Inc,Associate Software Engineer - Big Data,Gurugram/Hyderabad,2020-12-23 10:00:00 - 2021-01-06 20:00:00,events-and-hackathon/GSPANN Technologies Inc
Replicon,Trainee Product Support,"Bangalore, Outstation Candidates must be willing to relocate to Bangalore during joining.",2021-01-08 18:25:00 - 2021-01-16 18:25:00,events-and-hackathon/Replicon
Replicon,Trainee Solution Consultant,"Bangalore, Outstation Candidates must be willing to relocate to Bangalore during joining.",2021-01-08 18:00:00 - 2021-01-16 18:00:00,events-and-hackathon/Replicon
GSPANN Technologies Inc,Associate Software Engineer - Data Science,Hyderabad / Gurugram,2020-12-23 10:00:00 - 2021-01-06 20:00:00,events-and-hackathon/GSPANN Technologies Inc
GSPANN Technologies Inc,Associate Software Engineer - DevOps,Gurugram,2020-12-23 10:00:00 - 2021-01-06 20:00:00,events-and-hackathon/GSPANN Technologies Inc
GSPANN Technologies Inc,Associate Software Engineer - QE Automation,Gurugram,2020-12-23 10:00:00 - 2021-01-06 20:00:00,events-and-hackathon/GSPANN Technologies Inc
GSPANN Technologies Inc,Associate Software Engineer - UI,Hyderabad / Gurugram,2020-12-23 10:00:00 - 2021-01-06 20:00:00,events-and-hackathon/GSPANN Technologies Inc
Juspay,Technical Product Analyst - Data,Bangalore,2020-11-30 18:00:00 - 2020-12-18 19:00:00,events-and-hackathon/Juspay
Juspay,Technical Product Ops Intern,Bangalore,2020-11-30 18:00:00 - 2020-12-18 19:00:00,events-and-hackathon/Juspay
Juspay,Technical Product Analyst - UI/UX,Bangalore,2019-09-21 10:00:00 - 2019-09-22 22:00:00,events-and-hackathon/Juspay
Juspay,Quality Assurance Engineer,Bangalore,2019-10-09 18:00:00 - 2020-02-18 19:00:00,events-and-hackathon/Juspay
Kantar GDC India Private Limited,Charting Analyst,Hyderabad & Pune,2020-08-13 10:00:00 - 2020-08-21 23:00:00,events-and-hackathon/Kantar GDC India Private Limited
GSPANN Technologies Inc,Production Support - Managed Services,Hyderabad / Gurugram,2020-12-23 10:00:00 - 2021-01-06 20:00:00,events-and-hackathon/GSPANN Technologies Inc
H-Town,Full Stack Developer,Visakhapatnam,2020-12-06 10:00:00 - 2020-12-06 18:00:00,events-and-hackathon/H-Town
Global Edge Software,Trainee Software Engineer 2020 Batch,Bangalore,2019-12-11 09:00:00 - 2020-02-13 23:59:00,events-and-hackathon/Global Edge Software
Go GreenBOV,"Sales, Marketing and Business Development Intern",Bangalore,2020-01-08 18:00:00 - 2020-01-12 17:00:00,events-and-hackathon/Go GreenBOV
Capita,Graduate Engineer Trainee,Pune / Bangalore,2020-12-09 10:00:00 - 2020-12-14 20:00:00,events-and-hackathon/Capita
Cambium Networks,Software Engineer - Full Stack Development,Bangalore,2019-11-20 13:00:00 - 2020-01-29 19:00:00,events-and-hackathon/Cambium Networks
BlueConch Technologies,BlueConch Technologies is hiring candidates with internship / work experience,"Pune , Maharashtra",2020-08-12 10:00:00 - 2020-08-16 23:00:00,events-and-hackathon/BlueConch Technologies
BANCA SELLA,Banca Sella Recruitment Test for 2 & 1/2 to 4 years Jan'2020,"Chennai , Tamilnadu",2019-12-23 10:00:00 - 2020-05-31 23:59:00,events-and-hackathon/BANCA SELLA
BANCA SELLA,Banca Sella Recruitment Test for 5 & 1/2 to 8 years Jan'2020,"Chennai , Tamilnadu",2019-12-23 10:00:00 - 2020-05-31 23:00:00,events-and-hackathon/BANCA SELLA
Capita,Graduate Engineer Trainee,Bangalore,2019-08-28 13:00:00 - 2019-10-10 20:00:00,events-and-hackathon/Capita
CDK Global,Application Engineer - Development Team,Hyderabad,2020-12-23 10:00:00 - 2020-12-31 18:00:00,events-and-hackathon/CDK Global
Global Edge Software,Trainee Software Engineer 2019 Batch,Bangalore,2019-09-27 09:00:00 - 2020-01-29 18:00:00,events-and-hackathon/Global Edge Software
Kantar GDC India Private Limited,Coding Analyst,Hyderabad & Pune,2020-08-13 10:00:00 - 2020-08-21 23:00:00,events-and-hackathon/Kantar GDC India Private Limited
ColorTokens,Python Developer,Bangalore,2019-11-07 11:00:00 - 2020-11-30 23:00:00,events-and-hackathon/ColorTokens
CDK Global,Member Technical,Hyderabad / Pune,2020-02-01 20:00:00 - 2020-02-09 23:00:00,events-and-hackathon/CDK Global
ColorTokens,Node JS Developer,Bangalore,2019-11-07 11:00:00 - 2020-11-30 23:00:00,events-and-hackathon/ColorTokens
KLOUDGIN,Java Developer,Hyderabad,2019-11-13 10:00:00 - 2020-05-31 19:00:00,events-and-hackathon/KLOUDGIN
Kantar GDC India Private Limited,Data Processing Analyst,Hyderabad & Pune,2020-08-13 10:00:00 - 2020-08-21 23:00:00,events-and-hackathon/Kantar GDC India Private Limited
Replicon,Software Engineer - Trainee (R&D Team),Bangalore,2019-08-12 14:00:00 - 2020-02-29 19:00:00,events-and-hackathon/Replicon
Sears,Senior Technical Associate / Tech Lead in Java Technologies,Pune,2019-11-16 17:00:00 - 2019-11-17 23:00:00,events-and-hackathon/Sears
Replicon,Software Engineer - Trainee,Bangalore,2019-08-20 11:00:00 - 2020-02-29 19:00:00,events-and-hackathon/Replicon
Replicon,Sales Development Trainee,"Bangalore (Work from home till notified,Should be flexible to relocate to Bangalore)",2020-11-15 10:00:00 - 2020-11-20 18:00:00,events-and-hackathon/Replicon
Replicon,Intern - Product Support,Bangalore,2019-12-06 12:00:00 - 2020-03-31 23:00:00,events-and-hackathon/Replicon
Tech Mahindra,Associate Technical Support,Noida,2019-08-26 00:00:00 - 2019-08-30 23:00:00,events-and-hackathon/Tech Mahindra
WESTAGILE,.Net Developers,Hyderabad,2019-11-11 13:00:00 - 2020-05-31 11:00:00,events-and-hackathon/WESTAGILE
WESTAGILE,UI/Front-End Developer,Hyderabad,2019-11-11 13:00:00 - 2020-05-31 23:00:00,events-and-hackathon/WESTAGILE
YAZAKI,Graduate Engineer Trainee,Bangalore,2019-10-31 17:00:00 - 2019-11-22 23:00:00,events-and-hackathon/YAZAKI
WESTAGILE,Senior Android Developer / Team Lead,Hyderabad,2019-11-11 13:00:00 - 2020-05-31 23:00:00,events-and-hackathon/WESTAGILE
WESTAGILE,Ruby on Rails Developer,Hyderabad,2019-11-11 13:00:00 - 2020-05-31 23:00:00,events-and-hackathon/WESTAGILE
WESTAGILE,Node JS Developer,Hyderabad,2019-11-11 13:00:00 - 2020-05-31 23:00:00,events-and-hackathon/WESTAGILE
WESTAGILE,React JS Developer,Hyderabad,2019-11-11 12:50:00 - 2020-05-31 23:00:00,events-and-hackathon/WESTAGILE
Replicon,Compliance Analyst Intern,Bangalore,2019-12-18 13:00:00 - 2020-03-31 22:00:00,events-and-hackathon/Replicon
Replicon,Cloud Operations Engineer,Bangalore,2019-09-05 17:00:00 - 2020-02-29 19:00:00,events-and-hackathon/Replicon
MiStay,Backend Developer,Bangalore,2020-01-08 12:00:00 - 2020-01-12 17:00:00,events-and-hackathon/MiStay
MiStay,Frontend Web Development,Bangalore,2020-01-08 12:00:00 - 2020-01-12 17:00:00,events-and-hackathon/MiStay
MetricStream,Member Technical Staff(Mobile App Team),Bangalore,2019-08-25 00:00:00 - 2020-09-19 21:48:00,events-and-hackathon/MetricStream
Maxval,Trainee,Bangalore,2020-11-17 16:00:00 - 2020-11-22 16:00:00,events-and-hackathon/Maxval
Kantar GDC India Private Limited,Project Management Analyst,Hyderabad & Pune,2020-08-13 10:00:00 - 2020-08-21 23:00:00,events-and-hackathon/Kantar GDC India Private Limited
24/7 Software,Full Stack Developer,"1) Pune, Maharashtra 2) Bangalore, Karnataka.",2020-02-04 15:00:00 - 2020-02-20 18:00:00,events-and-hackathon/24/7 Software
Monocept,Software Engineer Trainee,"1) Hyderabad, Telangana, India. 2)Gurgaon, Haryana, India. 3)Mumbai, Maharashtra, India.",2020-02-06 12:00:00 - 2020-02-20 23:00:00,events-and-hackathon/Monocept
MetricStream,Software Engineer Trainee,Bangalore,2020-02-12 11:00:00 - 2020-03-31 23:59:00,events-and-hackathon/MetricStream
MetricStream,Development,Bangalore,2019-08-30 00:00:00 - 2020-02-29 19:00:00,events-and-hackathon/MetricStream
MyAnatomy,MyAnatomy's Assessment for Candidates with Cancelled / Revoked / Dishonoured Internship & Employment Offers,,2020-08-12 01:00:00 - 2020-08-16 23:00:00,events-and-hackathon/MyAnatomy
